{
    "addadmin": {},
    "addbanmode": {},
    "addbot": {},
    "addfriend": {},
    "addtarget": {},
    "addwl": {},
    "admin": {},
    "alwayRead": false,
    "autoadd": false,
    "autocancel": {},
    "autojoin": "wl",
    "autolike": false,
    "autopurge": {},
    "autorejc": false,
    "banlist": {},
    "bname": "Shiro",
    "botku": {},
    "chatspam": "",
    "comment": "-_-",
    "contact": false,
    "cpp1": {},
    "cpp10": {},
    "cpp11": {},
    "cpp12": {},
    "cpp2": {},
    "cpp3": {},
    "cpp4": {},
    "cpp5": {},
    "cpp6": {},
    "cpp7": {},
    "cpp8": {},
    "cpp9": {},
    "deladmin": {},
    "delbanmode": {},
    "delbot": {},
    "deltarget": {},
    "delwl": {},
    "emo": {
        " ": [
            "",
            "\u232c"
        ],
        "a": [
            "\udbc9\ude01\udbc0\udd7ba\udbff\udfff",
            "\udbca\udd01\udbc0\udd7ba\udbff\udfff",
            "\udbca\udd01\udbc0\udd1ba\udbff\udfff",
            "\udbca\udd01\udbc0\udd01a\udbff\udfff",
            "\udbca\udc01\udbc0\udd7ba\udbff\udfff",
            "\udbca\udc01\udbc0\udd1ba\udbff\udfff",
            "\udbca\udc01\udbc0\udd01a\udbff\udfff",
            "\udbca\udc01\udbc0\udd1ba\udbff\udfff",
            "\udbc9\udf01\udbc0\udd7ba\udbff\udfff",
            "\udbc9\udf01\udbc0\udd1ba\udbff\udfff",
            "\udbc9\udf01\udbc0\udd01a\udbff\udfff",
            "\udbc9\ude01\udbc0\udd1ba\udbff\udfff",
            "\udbc9\ude01\udbc0\udd01a\udbff\udfff"
        ],
        "b": [
            "\udbc9\ude01\udbc0\udd02b\udbff\udfff",
            "\udbca\udd01\udbc0\udd77b\udbff\udfff",
            "\udbca\udd01\udbc0\udd1cb\udbff\udfff",
            "\udbca\udd01\udbc0\udd02b\udbff\udfff",
            "\udbca\udc01\udbc0\udd77b\udbff\udfff",
            "\udbca\udc01\udbc0\udd1cb\udbff\udfff",
            "\udbca\udc01\udbc0\udd02b\udbff\udfff",
            "\udbc9\udf01\udbc0\udd77b\udbff\udfff",
            "\udbc9\udf01\udbc0\udd1cb\udbff\udfff",
            "\udbc9\udf01\udbc0\udd02b\udbff\udfff",
            "\udbc9\ude01\udbc0\udd77b\udbff\udfff",
            "\udbc9\ude01\udbc0\udd1cb\udbff\udfff"
        ],
        "c": [
            "\udbca\udd01\udbc0\udd78c\udbff\udfff",
            "\udbca\udd01\udbc0\udd1dc\udbff\udfff",
            "\udbca\udd01\udbc0\udd03c\udbff\udfff",
            "\udbca\udc01\udbc0\udd78c\udbff\udfff",
            "\udbca\udc01\udbc0\udd1dc\udbff\udfff",
            "\udbca\udc01\udbc0\udd03c\udbff\udfff",
            "\udbc9\udf01\udbc0\udd78c\udbff\udfff",
            "\udbc9\udf01\udbc0\udd1dc\udbff\udfff",
            "\udbc9\udf01\udbc0\udd03c\udbff\udfff",
            "\udbc9\ude01\udbc0\udd78c\udbff\udfff",
            "\udbc9\ude01\udbc0\udd1dc\udbff\udfff",
            "\udbc9\ude01\udbc0\udd03c\udbff\udfff"
        ],
        "d": [
            "\udbca\udd01\udbc0\udd1ed\udbff\udfff",
            "\udbca\udd01\udbc0\udd04d\udbff\udfff",
            "\udbca\udc01\udbc0\udd1ed\udbff\udfff",
            "\udbca\udc01\udbc0\udd04d\udbff\udfff",
            "\udbc9\udf01\udbc0\udd1ed\udbff\udfff",
            "\udbc9\udf01\udbc0\udd04d\udbff\udfff",
            "\udbc9\ude01\udbc0\udd1ed\udbff\udfff",
            "\udbc9\ude01\udbc0\udd04d\udbff\udfff"
        ],
        "e": [
            "\udbca\udd01\udbc0\udd1fe\udbff\udfff",
            "\udbca\udd01\udbc0\udd05e\udbff\udfff",
            "\udbca\udc01\udbc0\udd1fe\udbff\udfff",
            "\udbca\udc01\udbc0\udd05e\udbff\udfff",
            "\udbc9\udf01\udbc0\udd1fe\udbff\udfff",
            "\udbc9\udf01\udbc0\udd05e\udbff\udfff",
            "\udbc9\ude01\udbc0\udd1fe\udbff\udfff",
            "\udbc9\ude01\udbc0\udd05e\udbff\udfff"
        ],
        "f": [
            "\udbca\udd01\udbc0\udd20f\udbff\udfff",
            "\udbca\udd01\udbc0\udd06f\udbff\udfff",
            "\udbca\udc01\udbc0\udd20f\udbff\udfff",
            "\udbca\udc01\udbc0\udd06f\udbff\udfff",
            "\udbc9\udf01\udbc0\udd20f\udbff\udfff",
            "\udbc9\udf01\udbc0\udd06f\udbff\udfff",
            "\udbc9\ude01\udbc0\udd20f\udbff\udfff",
            "\udbc9\ude01\udbc0\udd06f\udbff\udfff"
        ],
        "g": [
            "\udbc9\udf01\udbc0\udd21g\udbff\udfff",
            "\udbca\udd01\udbc0\udd21g\udbff\udfff",
            "\udbca\udd01\udbc0\udd07g\udbff\udfff",
            "\udbca\udc01\udbc0\udd21g\udbff\udfff",
            "\udbca\udc01\udbc0\udd07g\udbff\udfff",
            "\udbc9\udf01\udbc0\udd07g\udbff\udfff",
            "\udbc9\ude01\udbc0\udd21g\udbff\udfff",
            "\udbc9\ude01\udbc0\udd07g\udbff\udfff"
        ],
        "h": [
            "\udbca\udd01\udbc0\udd22h\udbff\udfff",
            "\udbca\udd01\udbc0\udd08h\udbff\udfff",
            "\udbca\udc01\udbc0\udd22h\udbff\udfff",
            "\udbca\udc01\udbc0\udd08h\udbff\udfff",
            "\udbc9\udf01\udbc0\udd22h\udbff\udfff",
            "\udbc9\udf01\udbc0\udd08h\udbff\udfff",
            "\udbc9\ude01\udbc0\udd22h\udbff\udfff",
            "\udbc9\ude01\udbc0\udd08h\udbff\udfff"
        ],
        "i": [
            "\udbca\udd01\udbc0\udd59i\udbff\udfff",
            "\udbca\udd01\udbc0\udd23i\udbff\udfff",
            "\udbca\udd01\udbc0\udd09i\udbff\udfff",
            "\udbca\udc01\udbc0\udd59i\udbff\udfff",
            "\udbca\udc01\udbc0\udd23i\udbff\udfff",
            "\udbca\udc01\udbc0\udd09i\udbff\udfff",
            "\udbc9\udf01\udbc0\udd59i\udbff\udfff",
            "\udbc9\udf01\udbc0\udd23i\udbff\udfff",
            "\udbc9\udf01\udbc0\udd09i\udbff\udfff",
            "\udbc9\ude01\udbc0\udd59i\udbff\udfff",
            "\udbc9\ude01\udbc0\udd23i\udbff\udfff"
        ],
        "j": [
            "\udbca\udc01\udbc0\udd24j\udbff\udfff",
            "\udbc9\ude01\udbc0\udd0aj\udbff\udfff",
            "\udbca\udd01\udbc0\udd24j\udbff\udfff",
            "\udbca\udd01\udbc0\udd0aj\udbff\udfff",
            "\udbca\udc01\udbc0\udd0aj\udbff\udfff",
            "\udbc9\udf01\udbc0\udd24j\udbff\udfff",
            "\udbc9\udf01\udbc0\udd0aj\udbff\udfff",
            "\udbc9\ude01\udbc0\udd24j\udbff\udfff"
        ],
        "k": [
            "\udbca\udd01\udbc0\udd25k\udbff\udfff",
            "\udbca\udd01\udbc0\udd0bk\udbff\udfff",
            "\udbca\udc01\udbc0\udd25k\udbff\udfff",
            "\udbca\udc01\udbc0\udd0bk\udbff\udfff",
            "\udbc9\udf01\udbc0\udd25k\udbff\udfff",
            "\udbc9\udf01\udbc0\udd0bk\udbff\udfff",
            "\udbc9\ude01\udbc0\udd25k\udbff\udfff",
            "\udbc9\ude01\udbc0\udd0bk\udbff\udfff"
        ],
        "l": [
            "",
            "\udbc9\ude01\udbc0\udd59l\udbff\udfff",
            "\udbca\udd01\udbc0\udd59l\udbff\udfff",
            "\udbca\udc01\udbc0\udd59l\udbff\udfff",
            "\udbc9\udf01\udbc0\udd59l\udbff\udfff",
            "\udbca\udd01\udbc0\udd26l\udbff\udfff",
            "\udbca\udd01\udbc0\udd0cl\udbff\udfff",
            "\udbca\udc01\udbc0\udd26l\udbff\udfff",
            "\udbca\udc01\udbc0\udd0cl\udbff\udfff",
            "\udbc9\udf01\udbc0\udd26l\udbff\udfff",
            "\udbc9\udf01\udbc0\udd0cl\udbff\udfff",
            "\udbc9\ude01\udbc0\udd26l\udbff\udfff",
            "\udbc9\ude01\udbc0\udd0cl\udbff\udfff"
        ],
        "m": [
            "\udbca\udd01\udbc0\udd27m\udbff\udfff",
            "\udbca\udd01\udbc0\udd0dm\udbff\udfff",
            "\udbca\udc01\udbc0\udd27m\udbff\udfff",
            "\udbca\udc01\udbc0\udd0dm\udbff\udfff",
            "\udbc9\udf01\udbc0\udd27m\udbff\udfff",
            "\udbc9\udf01\udbc0\udd0dm\udbff\udfff",
            "\udbc9\ude01\udbc0\udd27m\udbff\udfff",
            "\udbc9\ude01\udbc0\udd0dm\udbff\udfff"
        ],
        "n": [
            "\udbc9\udf01\udbc0\udd28n\udbff\udfff",
            "\udbca\udd01\udbc0\udd28n\udbff\udfff",
            "\udbca\udd01\udbc0\udd0en\udbff\udfff",
            "\udbca\udc01\udbc0\udd28n\udbff\udfff",
            "\udbca\udc01\udbc0\udd0en\udbff\udfff",
            "\udbc9\udf01\udbc0\udd0en\udbff\udfff",
            "\udbc9\ude01\udbc0\udd28n\udbff\udfff",
            "\udbc9\ude01\udbc0\udd0en\udbff\udfff"
        ],
        "o": [
            "\udbca\udd01\udbc0\udd29o\udbff\udfff",
            "\udbca\udd01\udbc0\udd0fo\udbff\udfff",
            "\udbca\udc01\udbc0\udd92o\udbff\udfff",
            "\udbca\udc01\udbc0\udd90o\udbff\udfff",
            "\udbca\udc01\udbc0\udd29o\udbff\udfff",
            "\udbca\udc01\udbc0\udd0fo\udbff\udfff",
            "\udbc9\udf01\udbc0\udd29o\udbff\udfff",
            "\udbc9\udf01\udbc0\udd0fo\udbff\udfff",
            "\udbc9\ude01\udbc0\udd92o\udbff\udfff",
            "\udbc9\ude01\udbc0\udd90o\udbff\udfff",
            "\udbc9\ude01\udbc0\udd6fo\udbff\udfff"
        ],
        "p": [
            "\udbca\udd01\udbc0\udd79p\udbff\udfff",
            "\udbca\udd01\udbc0\udd2ap\udbff\udfff",
            "\udbca\udd01\udbc0\udd10p\udbff\udfff",
            "\udbca\udc01\udbc0\udd79p\udbff\udfff",
            "\udbca\udc01\udbc0\udd2ap\udbff\udfff",
            "\udbca\udc01\udbc0\udd10p\udbff\udfff",
            "\udbc9\udf01\udbc0\udd79p\udbff\udfff",
            "\udbc9\udf01\udbc0\udd2ap\udbff\udfff",
            "\udbc9\udf01\udbc0\udd10p\udbff\udfff",
            "\udbc9\ude01\udbc0\udd7ap\udbff\udfff",
            "\udbc9\ude01\udbc0\udd2ap\udbff\udfff",
            "\udbc9\ude01\udbc0\udd10p\udbff\udfff"
        ],
        "q": [
            "\udbca\udd01\udbc0\udd2bq\udbff\udfff",
            "\udbca\udd01\udbc0\udd11q\udbff\udfff",
            "\udbca\udc01\udbc0\udd2bq\udbff\udfff",
            "\udbca\udc01\udbc0\udd11q\udbff\udfff",
            "\udbc9\udf01\udbc0\udd2bq\udbff\udfff",
            "\udbc9\udf01\udbc0\udd11q\udbff\udfff",
            "\udbc9\ude01\udbc0\udd2bq\udbff\udfff",
            "\udbc9\ude01\udbc0\udd11q\udbff\udfff"
        ],
        "r": [
            "\udbca\udd01\udbc0\udd7ar\udbff\udfff",
            "\udbca\udd01\udbc0\udd2cr\udbff\udfff",
            "\udbca\udd01\udbc0\udd12r\udbff\udfff",
            "\udbca\udc01\udbc0\udd7ar\udbff\udfff",
            "\udbca\udc01\udbc0\udd2cr\udbff\udfff",
            "\udbca\udc01\udbc0\udd12r\udbff\udfff",
            "\udbc9\udf01\udbc0\udd7ar\udbff\udfff",
            "\udbc9\udf01\udbc0\udd2cr\udbff\udfff",
            "\udbc9\udf01\udbc0\udd12r\udbff\udfff",
            "\udbc9\ude01\udbc0\udd79r\udbff\udfff",
            "\udbc9\ude01\udbc0\udd2cr\udbff\udfff",
            "\udbc9\ude01\udbc0\udd12r\udbff\udfff"
        ],
        "s": [
            "\udbca\udd01\udbc0\udd2ds\udbff\udfff",
            "\udbca\udd01\udbc0\udd13s\udbff\udfff",
            "\udbca\udc01\udbc0\udd2ds\udbff\udfff",
            "\udbca\udc01\udbc0\udd13s\udbff\udfff",
            "\udbc9\udf01\udbc0\udd2ds\udbff\udfff",
            "\udbc9\udf01\udbc0\udd13s\udbff\udfff",
            "\udbc9\ude01\udbc0\udd2ds\udbff\udfff",
            "\udbc9\ude01\udbc0\udd13s\udbff\udfff"
        ],
        "t": [
            "\udbca\udd01\udbc0\udd2et\udbff\udfff",
            "\udbca\udd01\udbc0\udd14t\udbff\udfff",
            "\udbca\udc01\udbc0\udd2et\udbff\udfff",
            "\udbca\udc01\udbc0\udd14t\udbff\udfff",
            "\udbc9\udf01\udbc0\udd2et\udbff\udfff",
            "\udbc9\udf01\udbc0\udd14t\udbff\udfff",
            "\udbc9\ude01\udbc0\udd2et\udbff\udfff",
            "\udbc9\ude01\udbc0\udd14t\udbff\udfff"
        ],
        "u": [
            "\udbca\udd01\udbc0\udd2fu\udbff\udfff",
            "\udbca\udd01\udbc0\udd15u\udbff\udfff",
            "\udbca\udc01\udbc0\udd2fu\udbff\udfff",
            "\udbca\udc01\udbc0\udd15u\udbff\udfff",
            "\udbc9\udf01\udbc0\udd2fu\udbff\udfff",
            "\udbc9\udf01\udbc0\udd15u\udbff\udfff",
            "\udbc9\ude01\udbc0\udd2fu\udbff\udfff",
            "\udbc9\ude01\udbc0\udd15u\udbff\udfff"
        ],
        "v": [
            "\udbca\udd01\udbc0\udd30v\udbff\udfff",
            "\udbca\udd01\udbc0\udd16v\udbff\udfff",
            "\udbca\udc01\udbc0\udd30v\udbff\udfff",
            "\udbca\udc01\udbc0\udd16v\udbff\udfff",
            "\udbc9\udf01\udbc0\udd30v\udbff\udfff",
            "\udbc9\udf01\udbc0\udd16v\udbff\udfff",
            "\udbc9\ude01\udbc0\udd30v\udbff\udfff",
            "\udbc9\ude01\udbc0\udd16v\udbff\udfff"
        ],
        "w": [
            "\udbca\udd01\udbc0\udd31w\udbff\udfff",
            "\udbca\udd01\udbc0\udd17w\udbff\udfff",
            "\udbca\udc01\udbc0\udd31w\udbff\udfff",
            "\udbca\udc01\udbc0\udd17w\udbff\udfff",
            "\udbc9\udf01\udbc0\udd31w\udbff\udfff",
            "\udbc9\udf01\udbc0\udd17w\udbff\udfff",
            "\udbc9\ude01\udbc0\udd31w\udbff\udfff",
            "\udbc9\ude01\udbc0\udd17w\udbff\udfff"
        ],
        "x": [
            "\udbc9\ude01\udbc0\udd18x\udbff\udfff",
            "\udbca\udd01\udbc0\udd32x\udbff\udfff",
            "\udbca\udd01\udbc0\udd18x\udbff\udfff",
            "\udbca\udc01\udbc0\udd32x\udbff\udfff",
            "\udbca\udc01\udbc0\udd18x\udbff\udfff",
            "\udbc9\ude01\udbc0\udd18x\udbff\udfff",
            "\udbc9\udf01\udbc0\udd32x\udbff\udfff",
            "\udbc9\udf01\udbc0\udd18x\udbff\udfff",
            "\udbc9\ude01\udbc0\udd32x\udbff\udfff"
        ],
        "y": [
            "\udbca\udd01\udbc0\udd19y\udbff\udfff",
            "\udbca\udd01\udbc0\udd33y\udbff\udfff",
            "\udbca\udc01\udbc0\udd33y\udbff\udfff",
            "\udbca\udc01\udbc0\udd19y\udbff\udfff",
            "\udbc9\udf01\udbc0\udd33y\udbff\udfff",
            "\udbc9\udf01\udbc0\udd19y\udbff\udfff",
            "\udbc9\ude01\udbc0\udd33y\udbff\udfff",
            "\udbc9\ude01\udbc0\udd19y\udbff\udfff"
        ],
        "z": [
            "\udbca\udd01\udbc0\udd34z\udbff\udfff",
            "\udbca\udd01\udbc0\udd1az\udbff\udfff",
            "\udbca\udc01\udbc0\udd34z\udbff\udfff",
            "\udbca\udc01\udbc0\udd1az\udbff\udfff",
            "\udbc9\udf01\udbc0\udd34z\udbff\udfff",
            "\udbc9\udf01\udbc0\udd1az\udbff\udfff",
            "\udbc9\ude01\udbc0\udd34z\udbff\udfff",
            "\udbc9\ude01\udbc0\udd1az\udbff\udfff"
        ],
        "\udbc1\udf01": [
            "\udbc1\udf01\udbc0\udd36Not",
            "Bad\udbff\udfff\udbc1\udf01\udbc0\udd36Not",
            "Bad\udbff\udfff"
        ]
    },
    "file": {
        "gif": {},
        "image": {},
        "video": {}
    },
    "gettl": {},
    "gift": {},
    "gift2": {},
    "gift2jumlah": 998,
    "gname": {},
    "gpic": {},
    "gsname": " HBD",
    "like": 1,
    "lockqr": {},
    "me": {},
    "mention2": false,
    "mention3": true,
    "mention4": false,
    "mention5": false,
    "mention6": false,
    "mention7": false,
    "message": "",
    "mimic": true,
    "picon": {},
    "pjoin": {},
    "proname": {},
    "protect": {},
    "qrlock": false,
    "respon": " sorry I'm bussy",
    "respon1": "",
    "respon2": "",
    "respon3": "",
    "respon4": "",
    "respon5": "",
    "rname": "shiro",
    "target": {},
    "tmimic": {
        "u7fe789704fede700a6cdfbcda78a19d0": true
    },
    "undang": {},
    "welcomeM": "",
    "welcomeN": {},
    "wl": {
        "u315bef6ae602ec2dd48024de25536e60": true,
        "ud1ec2df09376e2de346a4a751874f628": true
    }
}