{
    "key": false,
    "text": "pb:",
    "bot": true,
    "Conection": null,
    "Add": false,
    "Join": false,
    "Wc": false,
    "Shared": false,
    "Respon": false,
    "Read": false,
    "Unsend": false,
    "blacklist": {},
    "PROTECT": {},
    "selfbot": "EzKNxHWOZs0ghtg82oP0.NFFbZd0x9xQmLh/3zDWvGa.1gOb2i/KyF8eE5u7qQsIQGpMFK3HBvf2SPurraXMpfA=",
    "bot1": "EzS7qgS0s5pBBQYKVu82.icW8GQh6wYqCH1mk2F+jqG.R0QhezVkljoIAbdGJffHe6uGoFa0alV2cUDO8gbS6Ho=",
    "bot2": "EzsqFW5OJO4qc6cnADRc.y8mZWe5a81aixR6fqwe7Fa.5aNyyI8O4HskyeCnc9u4AVCtSegNBxFKTUXsdcY6784=",
    "bot3": "EzdOqd2McQdworL2ZP16.ejfbs1uI4vR+zmZQNq3I5G.7mH9+surtU3l+6qB3XpTPX36rMSo4+SjPM2DspJAw3c=",
    "bot4": "EzIvWjjpVAS0cttA3wpd.zyVEnqIHrw6afA8usfYwtq.Y+KkxedPNQJDUdiXT3HOYtKeTIAvAwWmuxLWCxuKFnU=",
    "bot5": "EzkqGs63fvFVukCQDdhf.H96kPl5rbYPWR6OKlLkNpW.i2QXljCDF2z20uwV3+ZfWd2h4uWITEKTC/tdCvfGYWI=",
    "bot6": "Ez75UfxEY5y1XP0XKZo8.QAsUBbtEJhrWlOCs/74wQa.y4V2jAj/0SnCCj8fULc29DO0l6XPZMc0yKk/oVzuhSQ=",
    "java_script": "EzjVu5hb9Gad1ZLmPWBa.vQ4lJaA40bw/NIgEuRcfMG.ajEm5bOXltmwXVLfmz1rnPVdLaC3KCz6sv+gtm2KcWc=",
    "java_script1": "EzehBPbZ5kOMbIhbpsge.U3nKiBanerrIdYHedgo5pG.MoO8jETf/UGkpEppA7oGySjSqnBxTY1f9Ja8gbmySXM=",
    "myProfile": {
        "coverId": "",
        "displayName": "",
        "pictureStatus": "",
        "statusMessage": ""
    },
    "owner": "u9df7c1cc3d17f57a8c947fb765dc1580",
    "userAgent": [
        "Mozilla/5.0 (X11; U; Linux i586; de; rv:5.0) Gecko/20100101 Firefox/5.0",
        "Mozilla/5.0 (X11; U; Linux amd64; rv:5.0) Gecko/20100101 Firefox/5.0 (Debian)",
        "Mozilla/5.0 (X11; U; Linux amd64; en-US; rv:5.0) Gecko/20110619 Firefox/5.0",
        "Mozilla/5.0 (X11; Linux) Gecko Firefox/5.0",
        "Mozilla/5.0 (X11; Linux x86_64; rv:5.0) Gecko/20100101 Firefox/5.0 FirePHP/0.5",
        "Mozilla/5.0 (X11; Linux x86_64; rv:5.0) Gecko/20100101 Firefox/5.0 Firefox/5.0",
        "Mozilla/5.0 (X11; Linux x86_64) Gecko Firefox/5.0",
        "Mozilla/5.0 (X11; Linux ppc; rv:5.0) Gecko/20100101 Firefox/5.0",
        "Mozilla/5.0 (X11; Linux AMD64) Gecko Firefox/5.0",
        "Mozilla/5.0 (X11; FreeBSD amd64; rv:5.0) Gecko/20100101 Firefox/5.0",
        "Mozilla/5.0 (Windows NT 6.2; WOW64; rv:5.0) Gecko/20100101 Firefox/5.0",
        "Mozilla/5.0 (Windows NT 6.1; Win64; x64; rv:5.0) Gecko/20110619 Firefox/5.0",
        "Mozilla/5.0 (Windows NT 6.1; Win64; x64; rv:5.0) Gecko/20100101 Firefox/5.0",
        "Mozilla/5.0 (Windows NT 6.1; rv:6.0) Gecko/20100101 Firefox/5.0",
        "Mozilla/5.0 (Windows NT 6.1.1; rv:5.0) Gecko/20100101 Firefox/5.0",
        "Mozilla/5.0 (Windows NT 5.2; WOW64; rv:5.0) Gecko/20100101 Firefox/5.0",
        "Mozilla/5.0 (Windows NT 5.1; U; rv:5.0) Gecko/20100101 Firefox/5.0",
        "Mozilla/5.0 (Windows NT 5.1; rv:2.0.1) Gecko/20100101 Firefox/5.0",
        "Mozilla/5.0 (Windows NT 5.0; WOW64; rv:5.0) Gecko/20100101 Firefox/5.0",
        "Mozilla/5.0 (Windows NT 5.0; rv:5.0) Gecko/20100101 Firefox/5.0"
    ]
}
