{
    "0": "Creator by sᴀɪᴅʙᴏᴛs",
    "1": "help",
    "2": "me",
    "3": "id line",
    "4": "bye",
    "5": "mycover",
    "6": "cinema",
    "7": "cakcak",
    "8": "xvideos ",
    "9": "movie ",
    "10": "add ",
    "11": "restart",
    "12": "pictart ",
    "13": "led ",
    "14": "runtime",
    "15": "speed",
    "16": "mymid",
    "17": "myprofile",
    "18": "myvideo",
    "19": "getmid ",
    "20": "getpict ",
    "21": "getvideo ",
    "22": "getname ",
    "23": "getstatus ",
    "24": "getcontact ",
    "25": "youtube ",
    "26": "lahir ",
    "27": "instagram ",
    "28": "smuleid ",
    "29": "gcall",
    "30": "google ",
    "31": "grname ",
    "32": "clearchat",
    "33": "broadcast ",
    "34": "mygroups",
    "35": "myfriend",
    "36": "myfriendblock",
    "37": "grcreator",
    "38": "memberlist",
    "39": "pendinglist",
    "40": "ginfo",
    "41": "gpicture",
    "42": "grname",
    "43": "gid",
    "44": "gurl",
    "45": "qropen",
    "46": "qrclose",
    "47": "autoadd:on",
    "48": "autoadd:off",
    "49": "autojoin:on",
    "50": "autojoin:off",
    "51": "autoread:on",
    "52": "autoread:off",
    "53": "unsend:on",
    "54": "unsend:off",
    "55": "welcome:on",
    "56": "welcome:off",
    "57": "shared:on",
    "58": "shared:off",
    "59": "respon:on",
    "60": "respon:off",
    "61": "sider:on",
    "62": "sider:off",
    "63": "tagall",
    "64": "setall:on",
    "65": "setall:off",
    "66": "botinfo",
    "67": "stay",
    "68": "bye",
    "69": "protect:on",
    "70": "protect:off",
    "71": "clearban",
    "72": "respon",
    "73": "kick",
    "74": "botkick",
    "75": "kickall",
    "76": "banlist"
}
